[{
        "id": 0,
        "x": 237,
        "y": 225,
        "w": 180,
        "h": 61,
        "radius": {
            "tl": 26,
            "tr": 8,
            "br": 8,
            "bl": 8
        },
        "name": "Small",
        "rate": 2
    },
    {
        "id": 1,
        "x": 428,
        "y": 225,
        "w": 117,
        "h": 61,
        "radius": 8,
        "name": "Odd",
        "rate": 2
    },
    {
        "id": 2,
        "x": 555,
        "y": 225,
        "w": 117,
        "h": 61,
        "radius": 8,
        "name": "Triple All",
        "rate": 24
    },
    {
        "id": 3,
        "x": 682,
        "y": 225,
        "w": 117,
        "h": 61,
        "radius": 8,
        "name": "Even",
        "rate": 2
    },
    {
        "id": 4,
        "x": 810,
        "y": 225,
        "w": 180,
        "h": 61,
        "radius": {
            "tl": 8,
            "tr": 26,
            "br": 8,
            "bl": 8
        },
        "name": "Big",
        "rate": 2
    },
    {
        "id": 5,
        "x": 237,
        "y": 298,
        "w": 53,
        "h": 65,
        "radius": 8,
        "name": "Double 1",
        "rate": 8
    },
    {
        "id": 6,
        "x": 300,
        "y": 298,
        "w": 53,
        "h": 65,
        "radius": 8,
        "name": "Double 2",
        "rate": 8
    },
    {
        "id": 7,
        "x": 364,
        "y": 298,
        "w": 53,
        "h": 65,
        "radius": 8,
        "name": "Double 3",
        "rate": 8
    },
    {
        "id": 8,
        "x": 428,
        "y": 298,
        "w": 53,
        "h": 65,
        "radius": 8,
        "name": "Triple 1",
        "rate": 150
    },
    {
        "id": 9,
        "x": 492,
        "y": 298,
        "w": 53,
        "h": 65,
        "radius": 8,
        "name": "Triple 2",
        "rate": 150
    },
    {
        "id": 10,
        "x": 555,
        "y": 298,
        "w": 53,
        "h": 65,
        "radius": 8,
        "name": "Triple 3",
        "rate": 150
    },
    {
        "id": 11,
        "x": 619,
        "y": 298,
        "w": 53,
        "h": 65,
        "radius": 8,
        "name": "Triple 4",
        "rate": 150
    },
    {
        "id": 12,
        "x": 683,
        "y": 298,
        "w": 53,
        "h": 65,
        "radius": 8,
        "name": "Triple 5",
        "rate": 150
    },
    {
        "id": 13,
        "x": 746,
        "y": 298,
        "w": 53,
        "h": 65,
        "radius": 8,
        "name": "Triple 6",
        "rate": 150
    },
    {
        "id": 14,
        "x": 810,
        "y": 298,
        "w": 53,
        "h": 65,
        "radius": 8,
        "name": "Double 4",
        "rate": 8
    },
    {
        "id": 15,
        "x": 873,
        "y": 298,
        "w": 53,
        "h": 65,
        "radius": 8,
        "name": "Double 5",
        "rate": 8
    },
    {
        "id": 16,
        "x": 937,
        "y": 298,
        "w": 53,
        "h": 65,
        "radius": 8,
        "name": "Double 6",
        "rate": 8
    },
    {
        "id": 17,
        "x": 237,
        "y": 380,
        "w": 46.16,
        "h": 56,
        "radius": 8,
        "name": "Dice Total 4",
        "rate": 50
    },
    {
        "id": 18,
        "x": 291.37,
        "y": 380,
        "w": 46.16,
        "h": 56,
        "radius": 8,
        "name": "Dice Total 5",
        "rate": 18
    },
    {
        "id": 19,
        "x": 345.74,
        "y": 380,
        "w": 46.16,
        "h": 56,
        "radius": 8,
        "name": "Dice Total 6",
        "rate": 14
    },
    {
        "id": 20,
        "x": 400.12,
        "y": 380,
        "w": 46.16,
        "h": 56,
        "radius": 8,
        "name": "Dice Total 7",
        "rate": 12
    },
    {
        "id": 21,
        "x": 454.49,
        "y": 380,
        "w": 46.16,
        "h": 56,
        "radius": 8,
        "name": "Dice Total 8",
        "rate": 8
    },
    {
        "id": 22,
        "x": 508.86,
        "y": 380,
        "w": 46.16,
        "h": 56,
        "radius": 8,
        "name": "Dice Total 9",
        "rate": 6
    },
    {
        "id": 23,
        "x": 563.23,
        "y": 380,
        "w": 46.16,
        "h": 56,
        "radius": 8,
        "name": "Dice Total 10",
        "rate": 6
    },
    {
        "id": 24,
        "x": 617.6,
        "y": 380,
        "w": 46.16,
        "h": 56,
        "radius": 8,
        "name": "Dice Total 11",
        "rate": 6
    },
    {
        "id": 25,
        "x": 671.98,
        "y": 380,
        "w": 46.16,
        "h": 56,
        "radius": 8,
        "name": "Dice Total 12",
        "rate": 6
    },
    {
        "id": 26,
        "x": 726.35,
        "y": 380,
        "w": 46.16,
        "h": 56,
        "radius": 8,
        "name": "Dice Total 13",
        "rate": 8
    },
    {
        "id": 27,
        "x": 780.72,
        "y": 380,
        "w": 46.16,
        "h": 56,
        "radius": 8,
        "name": "Dice Total 14",
        "rate": 12
    },
    {
        "id": 28,
        "x": 835.09,
        "y": 380,
        "w": 46.16,
        "h": 56,
        "radius": 8,
        "name": "Dice Total 15",
        "rate": 14
    },
    {
        "id": 29,
        "x": 889.46,
        "y": 380,
        "w": 46.16,
        "h": 56,
        "radius": 8,
        "name": "Dice Total 16",
        "rate": 18
    },
    {
        "id": 30,
        "x": 943.43,
        "y": 380,
        "w": 46.16,
        "h": 56,
        "radius": 8,
        "name": "Dice Total 17",
        "rate": 50
    },
    {
        "id": 31,
        "x": 237,
        "y": 445,
        "w": 42,
        "h": 78,
        "radius": 8,
        "name": "Combination 1 2",
        "rate": 5
    },
    {
        "id": 32,
        "x": 288,
        "y": 445,
        "w": 42,
        "h": 78,
        "radius": 8,
        "name": "Combination 1 3",
        "rate": 5
    },
    {
        "id": 33,
        "x": 339,
        "y": 445,
        "w": 42,
        "h": 78,
        "radius": 8,
        "name": "Combination 1 4",
        "rate": 5
    },
    {
        "id": 34,
        "x": 389,
        "y": 445,
        "w": 42,
        "h": 78,
        "radius": 8,
        "name": "Combination 1 5",
        "rate": 5
    },
    {
        "id": 35,
        "x": 440,
        "y": 445,
        "w": 42,
        "h": 78,
        "radius": 8,
        "name": "Combination 1 6",
        "rate": 5
    },
    {
        "id": 36,
        "x": 491,
        "y": 445,
        "w": 42,
        "h": 78,
        "radius": 8,
        "name": "Combination 2 3",
        "rate": 5
    },
    {
        "id": 37,
        "x": 542,
        "y": 445,
        "w": 42,
        "h": 78,
        "radius": 8,
        "name": "Combination 2 4",
        "rate": 5
    },
    {
        "id": 38,
        "x": 592,
        "y": 445,
        "w": 42,
        "h": 78,
        "radius": 8,
        "name": "Combination 2 5",
        "rate": 5
    },
    {
        "id": 39,
        "x": 643,
        "y": 445,
        "w": 42,
        "h": 78,
        "radius": 8,
        "name": "Combination 2 6",
        "rate": 5
    },
    {
        "id": 40,
        "x": 694,
        "y": 445,
        "w": 42,
        "h": 78,
        "radius": 8,
        "name": "Combination 3 4",
        "rate": 5
    },
    {
        "id": 41,
        "x": 745,
        "y": 445,
        "w": 42,
        "h": 78,
        "radius": 8,
        "name": "Combination 3 5",
        "rate": 5
    },
    {
        "id": 42,
        "x": 795,
        "y": 445,
        "w": 42,
        "h": 78,
        "radius": 8,
        "name": "Combination 3 6",
        "rate": 5
    },
    {
        "id": 43,
        "x": 846,
        "y": 445,
        "w": 42,
        "h": 78,
        "radius": 8,
        "name": "Combination 4 5",
        "rate": 5
    },
    {
        "id": 44,
        "x": 897,
        "y": 445,
        "w": 42,
        "h": 78,
        "radius": 8,
        "name": "Combination 4 6",
        "rate": 5
    },
    {
        "id": 45,
        "x": 948,
        "y": 445,
        "w": 42,
        "h": 78,
        "radius": 8,
        "name": "Combination 5 6",
        "rate": 5
    },
    {
        "id": 46,
        "x": 237,
        "y": 540,
        "w": 121,
        "h": 39,
        "radius": {
            "tl": 8,
            "tr": 8,
            "br": 8,
            "bl": 26
        },
        "name": "Single 1",
        "rate": 2
    },
    {
        "id": 47,
        "x": 363,
        "y": 540,
        "w": 122,
        "h": 39,
        "radius": 8,
        "name": "Single 2",
        "rate": 2
    },
    {
        "id": 48,
        "x": 490,
        "y": 540,
        "w": 121,
        "h": 39,
        "radius": 8,
        "name": "Single 3",
        "rate": 2
    },
    {
        "id": 49,
        "x": 616,
        "y": 540,
        "w": 121,
        "h": 39,
        "radius": 8,
        "name": "Single 4",
        "rate": 2
    },
    {
        "id": 50,
        "x": 742,
        "y": 540,
        "w": 122,
        "h": 39,
        "radius": 8,
        "name": "Single 5",
        "rate": 2
    },
    {
        "id": 51,
        "x": 869,
        "y": 540,
        "w": 121,
        "h": 39,
        "radius": {
            "tl": 8,
            "tr": 8,
            "br": 26,
            "bl": 8
        },
        "name": "Single 6",
        "rate": 2
    }
]